{"cameraMode":{"drawMode":0,"name":"Shaded","section":"Shading Mode"},"sceneLighting":true,"audioPlay":false,"sceneViewState":{"m_AlwaysRefresh":false,"showFog":false,"showSkybox":true,"showFlares":false,"showImageEffects":false,"showParticleSystems":false,"showVisualEffectGraphs":true,"m_FxEnabled":false},"in2DMode":false,"pivot":{"x":3.3325271606445314,"y":0.33300018310546877,"z":-25.980369567871095},"rotation":{"x":0.015117084607481957,"y":0.9634115695953369,"z":0.056162554770708087,"w":-0.26189473271369936},"size":0.8660253882408142,"orthographic":false}